{
  "title":"18-014f10-th.jpg",
  "description": "New image Upload",
  "file": "/courses/18-014-calculus-with-theory-fall-2010/70b1005bf831247626ede8e31c30061f_18-014f10-th.jpg",
  "learning_resource_types": [],
  "resource_type": "Image",
  "file_type": "image/jpeg",
  "image_metadata": {"caption":"Calculus has practical applications, such as understanding the true meaning of the infinitesimals. (Image courtesy of Anna Lachowska.)","credit":"","image-alt":"A cartoon that demonstrates the importance of understanding the infinitestimals."}}
