{
  "title":"18-014f10.jpg",
  "description": "Calculus has practical applications, such as understanding the true meaning of the infinitesimals. (Image concept by Dr. Lachowska.)",
  "file": "/courses/18-014-calculus-with-theory-fall-2010/d050670d43c1617e5921e5ed9413a0f2_18-014f10.jpg",
  "learning_resource_types": [],
  "resource_type": "Image",
  "file_type": "image/jpeg",
  "image_metadata": {"caption":"Calculus has practical applications, such as understanding the true meaning of the infinitesimals. (Image courtesy of Anna Lachowska.)","credit":"Image accompanying course home page.","image-alt":"A cartoon that demonstrates the importance of understanding the infinitestimals."}}
