{"015e7dd3-8d69-d349-b435-cc6af7618b46":"/resources/mit18_014f10_pset6sols/data.json","04f26bc5-1297-b857-681b-4c91df24c7b6":"/resources/mit18_014f10_chonotes/data.json","09800893-0e69-84c6-eff3-3bb84ba9d6a4":"/pages/assignments/data.json","0b460fcd-7796-6a46-542a-2736dc255c25":"/resources/mit18_014f10_ex3_sols/data.json","0bb53fb4-d506-315c-6fab-4d5cd61c8e15":"/resources/mit18_014f10_chknotes/data.json","0d6dd2bb-950d-62e2-bf97-a9dd48b02e2d":"/resources/mit18_014f10_pset11b/data.json","0fda7f5e-3dda-975b-845a-bc3109be0251":"/resources/mit18_014f10_pr_ex2/data.json","117f0a32-0401-9670-41fe-274a1058c27f":"/resources/mit18_014f10_pr_ex2_sols/data.json","15694ffb-b31f-9061-bbe0-41a05f5433aa":"/resources/mit18_014f10_chjnotes/data.json","182970ab-73d4-3776-88a7-74a8db9db7f3":"/resources/mit18_014f10_chdnotes/data.json","19badd55-bc0b-7173-ba90-cd9f22dc7515":"/resources/mit18_014f10_pr_ex3_sols/data.json","1b0f0963-97a3-3ff4-9d3f-a3b6213bedea":"/resources/mit18_014f10_pset6/data.json","23ce353b-413a-2f63-93f3-5fcde054ceb7":"/resources/mit18_014f10_pset5/data.json","2baf716c-8271-e508-240e-fe253cb8c96a":"/resources/mit18_014f10_pset11a/data.json","2c0343ad-5c38-1cc1-1811-eb45745d8dd9":"/resources/mit18_014f10_chpnotes/data.json","316f0420-829f-20de-483b-bc975159dea1":"/resources/mit18_014f10_chbnotes/data.json","33c4c54a-f7bc-849a-5f70-52db7769e348":"/resources/mit18_014f10_pset7sols/data.json","34622854-071f-3cf6-f005-d040e07f372a":"/pages/readings/data.json","34a75af3-3a91-6b46-c2ad-007e5c110502":"/resources/mit18_014f10_chinotes/data.json","383b3314-0d99-963a-ac76-a77dbd8a0dbf":"/pages/recitations/data.json","3b503876-d1d0-efca-491a-1440e2e1d9ce":"/resources/mit18_014f10_chqnotes/data.json","3dbd26a1-3974-7709-ba2c-b95dad81fd87":"/resources/mit18_014f10_pset1sols/data.json","3e9a6928-277e-7349-ac5a-8029711dc870":"/resources/mit18_014f10_chfnotes/data.json","4132492a-f0a0-b20a-f8a8-203344e9f7ff":"/resources/mit18_014f10_pr_ex1_sols/data.json","4eb743f8-1e78-04ec-d48b-f8e8a60d4a40":"/resources/mit18_014f10_pset4sols/data.json","525fc43f-560b-3421-6094-8a3bd93e93d6":"/pages/course-notes/data.json","57ad34b8-1ffa-c785-8c38-f3985d07a397":"/resources/mit18_014f10_ex1_sols/data.json","5c152dbb-d419-ed45-b6cc-f8810edf6211":"/resources/mit18_014f10_pset3sols/data.json","65b367b2-93ca-1258-9437-f9595f315025":"/resources/mit18_014f10_pr_ex1/data.json","66e412c4-0f7a-f795-4e8d-9a5494f4b96d":"/resources/mit18_014f10_pset5sols/data.json","69396958-7a93-4022-831b-3f1ae5cf5514":"/resources/mit18_014f10_chenotes/data.json","69fead21-52f0-3121-8fc1-ab9f586a1734":"/resources/mit18_014f10_ex2/data.json","6ff4a6d0-1bdf-a273-1dd1-c22a0d17a8e5":"/resources/mit18_014f10_pset4/data.json","70b1005b-f831-2476-26ed-e8e31c30061f":"/resources/18-014f10-th/data.json","779f9f21-841d-335d-b137-311db22ccaa4":"/resources/mit18_014f10_ex3/data.json","7c636697-67b6-b45d-2c14-bde3d6d544bc":"/pages/exams/data.json","80723ca6-f18c-f719-16a9-6b33ac909704":"/resources/mit18_014f10_chrnotes/data.json","8c6d9854-d47e-dac1-3133-49289e0236cf":"/resources/mit18_014f10_pset2sols/data.json","8d2e1408-b639-fe03-e7d5-84130ef7d0dd":"/resources/mit18_014f10_pset8/data.json","8e7d938b-7de8-c48c-3337-3dfc8f27461b":"/resources/mit18_014f10_chanotes/data.json","90ae0c0f-8718-e475-8a3a-cc2f28f9137e":"/resources/mit18_014f10_chmnotes/data.json","97d8e700-a8db-dc44-1980-c210601c1c36":"/resources/mit18_014f10_pset1/data.json","9c526e62-97b9-918c-7c3e-b3476c4d764f":"/resources/mit18_014f10_pset11sols/data.json","9fb8ab02-ecc4-0dfb-59f5-4304a0be348f":"/resources/mit18_014f10_chsnotes/data.json","a34bec8f-9e5f-9390-df88-43bfab35168a":"/resources/mit18_014f10_chcnotes/data.json","a82f8a68-143e-8691-fe35-eac0852f703b":"/pages/syllabus/data.json","aff706a7-22ce-ef11-764a-dc6b49038e6a":"/resources/mit18_014f10_pr_ex3/data.json","b24e25f6-2800-153c-b1fc-6c9a66a63401":"/resources/mit18_014f10_pset2/data.json","bb345801-69e7-e8ce-86ff-472133d84e97":"/resources/mit18_014f10_pset8sols/data.json","c05b7246-aaf2-3d7d-d25a-4e18494719f9":"/resources/mit18_014f10_pset3/data.json","c0605d6d-0e5b-12d9-3a7c-435d9fe01bf1":"/resources/mit18_014f10_pset9sols/data.json","c606fbb4-2dc2-f0cd-8418-e444672d7d6e":"/resources/mit18_014f10_pset7/data.json","cce026da-2f85-7372-c2c9-8b0843febf35":"/resources/mit18_014f10_pset10sols/data.json","d050670d-43c1-617e-5921-e5ed9413a0f2":"/resources/18-014f10/data.json","d3126ef4-d9bc-215b-628b-e1e9e60469ea":"/resources/mit18_014f10_ex2_sols/data.json","d5305fff-d94b-c1db-8da1-3d6c9e2cce82":"/resources/mit18_014f10_course_notes/data.json","d80e0f59-e3fe-e925-9e51-fc6bc93e39e0":"/resources/mit18_014f10_pset9/data.json","d9155325-47a8-0d9d-2100-7c57e59c3e0a":"/resources/mit18_014f10_chnnotes/data.json","e6980e6d-5d40-b281-c9bc-b94436df2196":"/resources/mit18_014f10_chgnotes/data.json","e89e486c-d574-5735-04df-22217846184c":"/resources/mit18_014f10_chtnotes/data.json","e945f896-6567-24a3-68ee-7858e4d128b5":"/resources/mit18_014f10_pset10/data.json","f231ac76-1175-0534-a668-b22b99dd760f":"/resources/mit18_014f10_chlnotes/data.json","f25a2e40-6f54-2fc1-c80c-b29b7b053fe3":"/resources/mit18_014f10_final_pr_ex/data.json","f5d8d537-87f2-3807-cefa-1e5adb2d4b33":"/resources/mit18_014f10_ex1/data.json","f7e71538-5a1d-9981-c231-d12d2526a115":"/resources/mit18_014f10_chhnotes/data.json"}